{"mean": [21.07575, 17.4295, 2.30725, 5.129194321578816, 5.0685, 8.11625, 20.761087149881888, 297.5129882260737, 0.6058520905703065, 0.09139530302136378], "scale": [11.672211098909226, 7.736506301296454, 1.9041658114512863, 3.289655109265993, 3.760160601623249, 6.612543832557927, 13.294123262244781, 164.64343807425922, 0.19411625311851557, 0.0830656251078752]}